# 转换两个表

现在有两个表，想把一张表里面的数据导入到另外一张表里面。

表1 city
```
mysql> desc city;
+--------------+------------------+------+-----+---------+----------------+
| Field        | Type             | Null | Key | Default | Extra          |
+--------------+------------------+------+-----+---------+----------------+
| id           | int(11) unsigned | NO   | PRI | NULL    | auto_increment |
| code         | varchar(50)      | NO   |     |         |                |
| name         | varchar(255)     | NO   |     |         |                |
| parent_id    | int(11)          | NO   |     | NULL    |                |
| first_letter | varchar(10)      | NO   |     |         |                |
| level        | int(11)          | NO   |     | NULL    |                |
+--------------+------------------+------+-----+---------+----------------+
6 rows in set (0.00 sec)
```
里面的数据如：
```
mysql> select * from city where code not like '%00' limit 0, 10;
+-----+--------+--------------+-----------+--------------+-------+
| id  | code   | name         | parent_id | first_letter | level |
+-----+--------+--------------+-----------+--------------+-------+
| 380 | 110101 | 东城区       |        35 | D            |     2 |
| 381 | 110102 | 西城区       |        35 | X            |     2 |
| 382 | 110105 | 朝阳区       |        35 | C            |     2 |
| 383 | 110106 | 丰台区       |        35 | F            |     2 |
| 384 | 110107 | 石景山区     |        35 | S            |     2 |
| 385 | 110108 | 海淀区       |        35 | H            |     2 |
| 386 | 110109 | 门头沟区     |        35 | M            |     2 |
| 387 | 110111 | 房山区       |        35 | F            |     2 |
| 388 | 110112 | 通州区       |        35 | T            |     2 |
| 389 | 110113 | 顺义区       |        35 | S            |     2 |
+-----+--------+--------------+-----------+--------------+-------+
10 rows in set (0.01 sec)
```
也就是说，里面存的是省市县的数据和编码。


还有另外一张表，base_location，其结构如下：
```
mysql> desc base_location;
+------------------+--------------+------+-----+---------+-------+
| Field            | Type         | Null | Key | Default | Extra |
+------------------+--------------+------+-----+---------+-------+
| id               | varchar(36)  | YES  |     | NULL    |       |
| county_code      | varchar(30)  | NO   |     | NULL    |       |
| city_code        | varchar(30)  | NO   |     | NULL    |       |
| province_code    | varchar(30)  | NO   |     | NULL    |       |
| county_name      | varchar(100) | NO   |     | NULL    |       |
| city_name        | varchar(100) | NO   |     | NULL    |       |
| as_province_name | varchar(100) | NO   |     | NULL    |       |
+------------------+--------------+------+-----+---------+-------+
7 rows in set (0.00 sec)
```
其数据大概是这样的：
```
mysql> select * from base_location limit 0, 3;
+--------------------------------------+-------------+-----------+---------------+--------------+-----------+------------------+
| id                                   | county_code | city_code | province_code | county_name  | city_name | as_province_name |
+--------------------------------------+-------------+-----------+---------------+--------------+-----------+------------------+
| 4a5a9e58-ce98-11e7-949a-2c44fd0b22e6 | 140222      | 1402      | 14            | 天镇县       | 大同市    | 山西             |
| 4a5ba604-ce98-11e7-949a-2c44fd0b22e6 | 150422      | 1504      | 15            | 巴林左旗     | 赤峰市    | 内蒙古           |
| 4a5ba640-ce98-11e7-949a-2c44fd0b22e6 | 520181      | 5201      | 52            | 清镇市       | 贵阳市    | 贵州             |
+--------------------------------------+-------------+-----------+---------------+--------------+-----------+------------------+
3 rows in set (0.00 sec)
```
也就是拍平了存起来。

用下面的sql可以实现转换。
```
drop table if exists base_location;
create  table base_location
select uuid() AS ID, a.code as county_code, a.NAME as county_name , left(b.code,4) as city_code, b.name as city_name,left(c.code,2) as province_code, c.name as province_name from city  as a
left join
city as b
on a.parent_id = b.id
left join
city as c
on b.parent_id = c.id
where a.code not like '%00';
```
